                  epoch,         train/box_loss,         train/seg_loss,         train/cls_loss,         train/dfl_loss,   metrics/precision(B),      metrics/recall(B),       metrics/mAP50(B),    metrics/mAP50-95(B),   metrics/precision(M),      metrics/recall(M),       metrics/mAP50(M),    metrics/mAP50-95(M),           val/box_loss,           val/seg_loss,           val/cls_loss,           val/dfl_loss,                 lr/pg0,                 lr/pg1,                 lr/pg2
                      1,                0.92801,                   4.96,                 2.1121,                 1.2356,                0.60661,                0.49533,                0.48686,                0.27735,                0.27508,                0.18224,                 0.1018,                0.02406,                 1.1798,                 4.8851,                 2.0095,                  1.496,             0.00065844,             0.00065844,             0.00065844
                      2,                 1.0318,                 3.1014,                 1.7518,                 1.2885,                0.61836,                0.49065,                0.52375,                0.28942,                0.58418,                0.46262,                0.48468,                0.22473,                 1.3781,                 3.6653,                 2.0102,                 1.7323,              0.0013185,              0.0013185,              0.0013185
                      3,                 1.0351,                 3.0103,                 1.6377,                 1.2822,                0.57643,                0.59141,                0.61198,                0.37017,                0.62104,                 0.5284,                0.53648,                0.25909,                 1.1979,                 3.4656,                 1.8947,                 1.6256,              0.0019721,              0.0019721,              0.0019721
                      4,                 1.0854,                 2.9767,                 1.6651,                 1.3023,                0.39334,                0.52336,                0.44856,                0.23894,                0.51956,                0.33645,                0.34033,                0.16589,                 1.3518,                 3.4808,                 2.1386,                 1.7124,              0.0019703,              0.0019703,              0.0019703
                      5,                 1.0844,                 2.7263,                 1.5127,                 1.3209,                0.54837,                0.62979,                0.58725,                0.33296,                0.60012,                0.50467,                0.48629,                0.22183,                  1.292,                 3.4469,                 1.8076,                 1.6983,              0.0019604,              0.0019604,              0.0019604
                      6,                 1.0666,                 2.7929,                 1.5241,                 1.3138,                0.56363,                0.54925,                0.53846,                0.30681,                0.53589,                0.49065,                0.42588,                0.21009,                 1.3731,                 3.1602,                 2.0209,                  1.649,              0.0019505,              0.0019505,              0.0019505
                      7,                 1.0145,                 2.6745,                 1.3884,                 1.2789,                0.61168,                 0.6215,                0.60482,                0.36035,                0.57049,                0.57101,                0.53223,                0.28166,                 1.2441,                 2.9874,                 1.6226,                 1.6084,              0.0019406,              0.0019406,              0.0019406
                      8,                0.99706,                 2.5538,                 1.3782,                  1.259,                0.69136,                0.66992,                0.68531,                0.41242,                0.59799,                0.57944,                0.53576,                0.26132,                 1.1472,                 3.0559,                  1.583,                 1.4534,              0.0019307,              0.0019307,              0.0019307
                      9,                 1.0699,                 2.5691,                 1.4254,                 1.2825,                0.67053,                0.60865,                0.64827,                 0.3896,                0.63595,                0.57009,                0.56964,                0.28632,                 1.1474,                 2.9573,                 1.4661,                 1.5046,              0.0019208,              0.0019208,              0.0019208
                     10,                0.97966,                 2.4474,                 1.2951,                 1.2478,                0.68438,                0.70929,                0.75233,                0.47221,                0.65467,                0.66442,                0.67483,                0.34875,                 1.0716,                 3.1711,                 1.3563,                 1.3964,              0.0019109,              0.0019109,              0.0019109
                     11,                0.95472,                  2.398,                 1.2468,                 1.2314,                0.67065,                 0.7327,                0.72085,                0.46477,                0.64621,                0.65421,                0.62891,                 0.3543,                 1.1183,                 2.9646,                 1.2604,                 1.4507,               0.001901,               0.001901,               0.001901
                     12,                0.96464,                 2.3661,                 1.2338,                 1.2266,                0.69369,                0.64486,                0.71029,                0.46147,                0.68014,                0.63084,                0.63089,                0.34943,                 1.1621,                 2.8353,                 1.2723,                 1.4821,              0.0018911,              0.0018911,              0.0018911
                     13,                0.91123,                 2.1594,                 1.1755,                 1.1996,                0.72476,                0.66355,                0.68077,                0.42954,                0.64629,                0.60748,                0.58304,                0.34272,                 1.1513,                 2.8881,                 1.3583,                 1.4986,              0.0018812,              0.0018812,              0.0018812
                     14,                0.90275,                  2.157,                 1.1315,                 1.2024,                0.76847,                0.60748,                0.73779,                0.48099,                 0.7468,                0.58879,                0.66425,                0.38034,                 1.1035,                 2.5576,                 1.2357,                 1.4599,              0.0018713,              0.0018713,              0.0018713
                     15,                 0.8788,                 2.1011,                 1.1182,                 1.1735,                 0.7317,                0.64994,                0.72344,                0.43885,                0.77953,                0.56075,                0.63503,                0.36337,                 1.1743,                 2.5982,                 1.3428,                 1.5366,              0.0018614,              0.0018614,              0.0018614
                     16,                0.91917,                 2.2033,                 1.1283,                 1.2002,                0.76752,                0.66355,                0.74849,                0.49643,                0.75012,                0.64953,                0.70594,                0.42825,                 1.1174,                 2.3989,                 1.2328,                 1.4131,              0.0018515,              0.0018515,              0.0018515
                     17,                0.91646,                 2.0809,                 1.1088,                 1.1956,                0.78684,                0.72897,                0.77166,                0.50714,                0.75081,                0.68989,                0.71367,                0.41253,                 1.0224,                 2.5785,                 1.2307,                 1.3393,              0.0018416,              0.0018416,              0.0018416
                     18,                0.89575,                 2.0999,                 1.0598,                 1.1769,                 0.7792,                0.67611,                 0.7683,                0.51563,                0.75306,                0.65888,                0.71617,                0.44505,                 1.0819,                 2.3539,                 1.0858,                 1.4414,              0.0018317,              0.0018317,              0.0018317
                     19,                 0.8982,                 1.9975,                 1.0455,                 1.1961,                0.73155,                0.65888,                0.71247,                0.49624,                0.75603,                0.64019,                0.69579,                0.41712,                 1.1356,                  2.633,                 1.1646,                 1.4263,              0.0018218,              0.0018218,              0.0018218
                     20,                0.89985,                  2.047,                 1.0408,                 1.1696,                0.77475,                0.69626,                  0.737,                0.50488,                0.75391,                0.67285,                0.68327,                0.42994,                0.97914,                 2.3946,                 1.1375,                 1.3219,              0.0018119,              0.0018119,              0.0018119
                     21,                0.85146,                 1.9168,                 1.0199,                 1.1363,                0.82877,                0.72897,                0.79278,                0.53223,                  0.836,                0.68224,                0.72728,                0.44835,                 1.0856,                 2.5242,                 1.0794,                 1.4454,               0.001802,               0.001802,               0.001802
                     22,                0.83208,                 1.8635,                  1.004,                 1.1438,                0.78355,                0.62617,                0.71946,                0.47348,                0.78422,                 0.6114,                0.67468,                0.40654,                 1.1202,                 2.4702,                 1.1602,                 1.4191,              0.0017921,              0.0017921,              0.0017921
                     23,                0.83207,                 1.7986,                0.98861,                 1.1573,                0.85335,                0.75234,                0.81723,                0.58339,                 0.8508,                 0.7243,                0.76992,                0.51423,                0.96857,                 2.2631,                 1.0054,                 1.3137,              0.0017822,              0.0017822,              0.0017822
                     24,                0.81756,                 1.9038,                0.92587,                 1.1281,                0.80362,                0.70753,                0.75995,                0.51165,                0.78376,                0.68224,                0.70672,                0.44489,                0.97017,                 2.2673,                 1.0306,                 1.2902,              0.0017723,              0.0017723,              0.0017723
                     25,                0.84214,                 1.8773,                0.96562,                 1.1554,                0.77544,                0.71963,                0.76998,                0.51898,                0.75024,                 0.7243,                0.72911,                0.45986,                 1.0634,                 2.1917,                 1.0661,                 1.3782,              0.0017624,              0.0017624,              0.0017624
                     26,                0.79739,                 1.8844,                0.93928,                 1.1322,                0.78053,                0.65888,                0.74311,                0.50091,                0.79289,                0.59037,                0.67731,                0.43017,                 1.0771,                 2.4795,                 1.1271,                 1.4503,              0.0017525,              0.0017525,              0.0017525
                     27,                0.80349,                 1.8907,                0.92985,                 1.1431,                0.73027,                0.81776,                0.79871,                0.56262,                 0.7824,                0.69626,                0.72967,                0.44992,                 1.0028,                  2.306,                0.99067,                 1.3405,              0.0017426,              0.0017426,              0.0017426
                     28,                0.80789,                 1.7721,                0.96658,                 1.1411,                0.78357,                0.71056,                 0.7672,                0.53412,                0.76327,                0.69307,                0.72303,                0.47012,                 0.9699,                  2.408,                 1.0149,                 1.3053,              0.0017327,              0.0017327,              0.0017327
                     29,                0.81201,                 1.8176,                0.94938,                 1.1345,                0.78124,                0.75097,                0.80784,                0.56647,                0.80914,                0.70561,                0.77049,                0.49128,                0.99615,                 2.2069,                 1.0165,                 1.3314,              0.0017228,              0.0017228,              0.0017228
                     30,                0.80285,                  1.818,                0.91968,                 1.1354,                0.73923,                0.73364,                0.77138,                0.53194,                0.71699,                0.69848,                0.70183,                0.46053,                 1.0482,                 2.5394,                 1.0472,                 1.4851,              0.0017129,              0.0017129,              0.0017129
                     31,                0.76195,                 1.6939,                0.87208,                 1.1123,                0.80247,                0.70239,                0.77967,                0.54013,                0.78125,                0.68426,                0.73169,                  0.484,                  1.071,                 2.2455,                 1.0231,                 1.4417,               0.001703,               0.001703,               0.001703
                     32,                0.77807,                  1.744,                0.87252,                 1.0979,                0.80058,                0.75234,                0.79174,                0.54929,                0.75539,                0.71028,                0.73212,                0.49993,                 1.0076,                  2.325,                0.98329,                 1.3636,              0.0016931,              0.0016931,              0.0016931
                     33,                0.72638,                 1.6065,                0.82568,                 1.0948,                0.76842,                0.74766,                0.81153,                0.57964,                0.74676,                0.71653,                0.76649,                0.51603,                  0.927,                 2.3135,                0.88874,                  1.272,              0.0016832,              0.0016832,              0.0016832
                     34,                0.73515,                 1.5934,                0.83799,                 1.0885,                0.77915,                0.79907,                0.81881,                0.57317,                0.74381,                0.76636,                0.76411,                 0.4938,                0.94187,                 2.1579,                0.96719,                  1.305,              0.0016733,              0.0016733,              0.0016733
                     35,                0.76961,                 1.6843,                0.86847,                 1.1061,                0.80634,                0.71028,                 0.7887,                0.52734,                0.77018,                 0.6729,                 0.7125,                0.47016,                 1.0175,                 2.1878,                 1.0108,                 1.3747,              0.0016634,              0.0016634,              0.0016634
                     36,                0.75896,                 1.6392,                0.84233,                 1.1124,                0.81823,                0.71963,                0.78345,                0.51713,                 0.7706,                0.67757,                0.70542,                0.46318,                 1.0705,                 2.2537,                 1.0579,                 1.4572,              0.0016535,              0.0016535,              0.0016535
                     37,                0.77156,                 1.6718,                0.81958,                 1.1138,                0.82565,                0.70812,                0.78186,                0.54718,                0.84603,                0.69325,                0.75591,                0.49834,                0.98025,                 2.2786,                0.96394,                 1.3277,              0.0016436,              0.0016436,              0.0016436
                     38,                0.77612,                 1.6302,                0.87295,                 1.1201,                 0.7513,                0.75234,                0.76308,                0.55228,                0.74756,                0.74766,                0.73846,                0.49346,                0.90952,                 2.1297,                0.97777,                 1.2669,              0.0016337,              0.0016337,              0.0016337
                     39,                 0.7696,                 1.7771,                0.85793,                 1.1161,                0.76337,                0.79907,                0.81203,                0.58754,                0.78593,                0.70093,                0.75247,                0.49124,                0.90422,                 2.1898,                0.88799,                 1.2758,              0.0016238,              0.0016238,              0.0016238
                     40,                0.73889,                 1.6611,                0.84183,                 1.1001,                0.84086,                0.71605,                0.80473,                0.59577,                0.82989,                0.70671,                0.76991,                0.54509,                0.89596,                  2.136,                0.86884,                 1.2299,              0.0016139,              0.0016139,              0.0016139
                     41,                0.72364,                 1.5237,                0.81898,                 1.0756,                0.77223,                0.73832,                0.78203,                0.56243,                0.74643,                0.71495,                0.74809,                0.51167,                0.91549,                 2.2233,                0.96026,                 1.3058,               0.001604,               0.001604,               0.001604
                     42,                0.71897,                 1.5494,                0.78028,                 1.0812,                0.80921,                0.71349,                0.78183,                0.54842,                0.78378,                0.68692,                0.72972,                0.49788,                0.96037,                 2.1053,                 1.0073,                 1.3544,              0.0015941,              0.0015941,              0.0015941
                     43,                0.75275,                 1.6283,                0.82256,                 1.1119,                0.82813,                0.65421,                   0.74,                0.52478,                0.76919,                0.63848,                0.69338,                0.47932,                0.94412,                 2.0781,                 1.1839,                  1.358,              0.0015842,              0.0015842,              0.0015842
                     44,                0.72451,                 1.6799,                0.81954,                 1.0742,                0.82015,                0.70093,                 0.8159,                0.59423,                0.82015,                0.70093,                0.78412,                0.54149,                0.84006,                 1.9122,                0.89532,                 1.1988,              0.0015743,              0.0015743,              0.0015743
                     45,                0.69551,                 1.4828,                0.77009,                 1.0752,                0.81123,                0.74299,                0.82215,                0.59687,                0.77907,                0.71028,                0.75039,                0.54239,                0.96087,                 2.3506,                0.88155,                 1.3367,              0.0015644,              0.0015644,              0.0015644
                     46,                 0.7244,                 1.5857,                0.76231,                 1.0695,                0.85617,                0.72897,                0.80469,                0.59235,                0.86927,                0.73364,                0.77691,                0.53714,                0.90869,                 1.9232,                0.87175,                 1.2596,              0.0015545,              0.0015545,              0.0015545
                     47,                0.68909,                  1.536,                0.74483,                 1.0541,                0.82201,                0.75234,                0.81739,                0.59676,                0.78627,                0.71963,                0.75971,                0.53138,                0.94223,                 2.1495,                0.89519,                 1.2883,              0.0015446,              0.0015446,              0.0015446
                     48,                0.67413,                 1.4866,                0.70327,                 1.0688,                0.89171,                0.74299,                0.84381,                0.59633,                0.84644,                0.70561,                0.76949,                0.52796,                0.91527,                 2.1472,                0.83297,                 1.2668,              0.0015347,              0.0015347,              0.0015347
                     49,                0.69911,                 1.5621,                 0.7394,                 1.0834,                0.88648,                0.75234,                0.82261,                0.59926,                 0.8676,                0.74299,                0.77708,                0.51449,                0.84591,                 2.1739,                 0.8437,                 1.2188,              0.0015248,              0.0015248,              0.0015248
                     50,                0.68314,                 1.5244,                0.71637,                 1.0605,                0.81554,                0.74378,                0.79213,                0.58718,                0.79523,                0.72589,                0.75767,                0.52351,                0.82381,                 1.9953,                0.91591,                 1.1715,              0.0015149,              0.0015149,              0.0015149
                     51,                0.69151,                 1.4848,                0.74652,                 1.0488,                0.81272,                0.73005,                0.81705,                0.60898,                0.80102,                0.70093,                0.76099,                0.54266,                0.87681,                 1.8833,                0.84386,                 1.2361,               0.001505,               0.001505,               0.001505
                     52,                0.68372,                 1.5369,                0.73082,                 1.0689,                0.82684,                0.74299,                0.80847,                0.61261,                0.83573,                0.68692,                0.75567,                0.54393,                0.83321,                 2.1185,                0.81071,                 1.2295,              0.0014951,              0.0014951,              0.0014951
                     53,                0.64537,                 1.3607,                0.69692,                 1.0358,                0.84858,                0.73832,                0.81757,                0.61317,                 0.8395,                0.72897,                0.78819,                0.55466,                0.81903,                 1.8372,                0.79845,                 1.1903,              0.0014852,              0.0014852,              0.0014852
                     54,                0.63498,                 1.3592,                0.68986,                 1.0312,                0.85913,                0.74099,                0.82206,                0.61282,                0.83437,                0.71963,                0.78539,                 0.5519,                0.91852,                 2.0544,                0.91707,                 1.2844,              0.0014753,              0.0014753,              0.0014753
                     55,                0.65858,                 1.3934,                0.66533,                 1.0472,                0.83554,                0.77103,                0.82676,                0.61716,                0.83627,                0.76375,                0.79722,                 0.5657,                0.93224,                 1.8078,                0.79565,                 1.3018,              0.0014654,              0.0014654,              0.0014654
                     56,                0.65019,                 1.4225,                 0.7014,                 1.0362,                0.78009,                0.79907,                0.80971,                0.59205,                0.76937,                0.73265,                0.75129,                0.51731,                0.92514,                 2.0895,                0.86786,                   1.33,              0.0014555,              0.0014555,              0.0014555
                     57,                0.68627,                 1.4677,                0.73723,                 1.0753,                0.90533,                0.75234,                0.86387,                0.63025,                0.86576,                 0.7243,                0.81876,                0.61274,                  0.878,                 1.6031,                0.84001,                 1.2331,              0.0014456,              0.0014456,              0.0014456
                     58,                0.67407,                 1.3954,                0.71838,                 1.0644,                0.83308,                0.72298,                0.81704,                0.59142,                 0.7893,                0.71495,                0.77248,                0.56729,                0.97806,                 1.8017,                0.90574,                 1.3216,              0.0014357,              0.0014357,              0.0014357
                     59,                0.65571,                 1.3189,                0.68599,                 1.0453,                0.85494,                0.72897,                0.81448,                0.59976,                0.84385,                0.73233,                0.78523,                0.56606,                0.93279,                 1.9062,                0.93314,                  1.281,              0.0014258,              0.0014258,              0.0014258
                     60,                 0.6682,                 1.4026,                0.70237,                 1.0537,                0.82309,                0.76168,                0.81358,                0.58935,                0.81265,                0.75234,                 0.7924,                0.54889,                0.85392,                  1.829,                0.83048,                 1.2131,              0.0014159,              0.0014159,              0.0014159
                     61,                0.66182,                 1.3069,                0.68751,                 1.0365,                0.82385,                0.74306,                0.81476,                0.59155,                0.82008,                0.70287,                 0.7622,                0.54244,                0.89556,                 2.0236,                0.87036,                 1.2535,               0.001406,               0.001406,               0.001406
                     62,                0.65446,                  1.476,                0.70492,                 1.0491,                0.84387,                0.78299,                0.82036,                0.59751,                0.81056,                0.75234,                0.77224,                0.55083,                0.90109,                 2.3966,                0.84451,                 1.2425,              0.0013961,              0.0013961,              0.0013961
                     63,                0.62888,                 1.3505,                0.66373,                 1.0226,                0.82513,                0.75701,                0.83729,                0.63993,                0.85455,                0.68637,                0.78988,                0.58005,                0.84151,                 2.0621,                0.84781,                 1.2037,              0.0013862,              0.0013862,              0.0013862
                     64,                0.63892,                 1.3497,                0.65826,                 1.0422,                0.85085,                0.76636,                0.85092,                0.65927,                0.84415,                0.73403,                0.81466,                0.60193,                0.81578,                 1.8986,                0.79068,                 1.1953,              0.0013763,              0.0013763,              0.0013763
                     65,                0.64073,                 1.3656,                0.66692,                 1.0406,                0.89745,                0.73607,                0.84903,                0.62404,                0.84182,                 0.7243,                0.79729,                0.57608,                0.85468,                 2.1255,                0.80181,                 1.2593,              0.0013664,              0.0013664,              0.0013664
                     66,                 0.6352,                 1.3751,                0.65665,                 1.0388,                0.87102,                0.75234,                0.85458,                0.63983,                0.86593,                0.72897,                0.82019,                0.59199,                0.85264,                 1.8032,                0.72599,                 1.2322,              0.0013565,              0.0013565,              0.0013565
                     67,                0.63863,                 1.3251,                0.69711,                  1.043,                0.87962,                 0.7757,                0.84737,                0.62322,                0.86564,                0.73364,                0.79218,                0.56422,                0.88889,                 2.2179,                0.82697,                 1.2679,              0.0013466,              0.0013466,              0.0013466
                     68,                0.64145,                 1.4205,                0.68374,                 1.0432,                0.84892,                0.76168,                0.85895,                0.63393,                0.86433,                0.72897,                0.80956,                0.59165,                0.84162,                 1.7678,                 0.7689,                  1.209,              0.0013367,              0.0013367,              0.0013367
                     69,                0.64245,                 1.4461,                0.68436,                 1.0345,                0.82178,                0.77568,                0.83852,                  0.607,                0.84938,                0.73787,                0.80057,                0.57625,                0.89353,                 1.8175,                0.81604,                 1.2489,              0.0013268,              0.0013268,              0.0013268
                     70,                0.67199,                 1.4162,                0.70443,                 1.0602,                0.85433,                0.71253,                0.83626,                0.63493,                0.84291,                0.70209,                0.79697,                0.57284,                0.80541,                 1.9127,                0.77651,                 1.1759,              0.0013169,              0.0013169,              0.0013169
                     71,                0.60228,                 1.3383,                0.65457,                  1.019,                0.82527,                0.76636,                0.82271,                0.60295,                0.80848,                0.74766,                0.78995,                0.57221,                0.90474,                 1.8898,                0.84539,                 1.2602,               0.001307,               0.001307,               0.001307
                     72,                0.64888,                 1.4014,                0.68488,                 1.0278,                0.86732,                0.75234,                 0.8585,                0.63037,                0.85872,                0.73847,                0.82007,                0.59018,                0.84013,                 1.8098,                0.77422,                 1.2148,              0.0012971,              0.0012971,              0.0012971
                     73,                0.64317,                 1.3813,                0.65359,                 1.0303,                0.88366,                0.78082,                0.85257,                0.66022,                0.84388,                0.76168,                0.82476,                0.58331,                0.76829,                 1.9605,                0.76291,                 1.1414,              0.0012872,              0.0012872,              0.0012872
                     74,                0.60924,                 1.3445,                0.65725,                 1.0099,                0.87131,                0.75932,                0.82814,                0.62256,                0.86226,                0.74766,                0.79266,                0.56347,                0.82329,                 1.9721,                0.85374,                 1.1914,              0.0012773,              0.0012773,              0.0012773
                     75,                0.59953,                 1.3117,                0.62913,                 1.0291,                0.88688,                0.76636,                0.85873,                0.65064,                 0.8706,                0.75457,                0.81239,                0.60072,                0.81583,                 1.7985,                 0.7192,                 1.2077,              0.0012674,              0.0012674,              0.0012674
                     76,                0.64356,                 1.2833,                0.64607,                 1.0387,                0.89253,                0.73364,                0.84275,                0.62684,                0.87114,                0.71495,                0.80476,                0.59095,                0.89056,                 1.7909,                0.82574,                  1.273,              0.0012575,              0.0012575,              0.0012575
                     77,                0.61533,                 1.3545,                0.63843,                 1.0117,                0.84981,                0.76636,                0.84176,                0.62859,                0.83991,                0.75701,                0.80385,                0.57845,                0.85987,                 1.7554,                 0.8129,                 1.2051,              0.0012476,              0.0012476,              0.0012476
                     78,                0.60175,                 1.2573,                 0.5949,                 1.0125,                0.85527,                0.74766,                0.84692,                0.64477,                0.84976,                0.74002,                0.81094,                0.60305,                0.81326,                 1.6998,                0.78421,                 1.1697,              0.0012377,              0.0012377,              0.0012377
                     79,                0.60859,                 1.2894,                0.61599,                 1.0214,                0.82746,                0.76636,                 0.8429,                0.65116,                0.83198,                0.74043,                0.81093,                0.59897,                0.82677,                 1.7683,                0.77973,                 1.1682,              0.0012278,              0.0012278,              0.0012278
                     80,                0.59896,                 1.2362,                0.58312,                 1.0145,                0.84899,                0.73364,                0.83515,                0.62428,                0.80904,                 0.7523,                0.80479,                0.58477,                0.91552,                 1.9048,                 0.8368,                 1.2707,              0.0012179,              0.0012179,              0.0012179
                     81,                0.61577,                 1.2703,                0.60783,                 1.0128,                0.86321,                0.73719,                0.83987,                0.62433,                 0.8772,                0.69159,                0.79364,                0.57809,                0.93207,                 2.0268,                0.81564,                 1.3212,               0.001208,               0.001208,               0.001208
                     82,                 0.6034,                 1.2706,                 0.6221,                 1.0204,                0.84999,                0.77103,                0.84709,                0.63462,                0.91123,                0.71952,                0.81721,                0.60517,                0.83717,                  1.734,                0.75508,                 1.2159,              0.0011981,              0.0011981,              0.0011981
                     83,                0.59637,                  1.214,                0.60054,                 1.0218,                0.85298,                0.75912,                0.83764,                 0.6277,                0.84238,                0.74922,                  0.812,                0.58219,                 0.8409,                  1.713,                0.76785,                 1.2212,              0.0011882,              0.0011882,              0.0011882
                     84,                0.56211,                 1.1567,                0.58083,                0.99599,                0.89262,                0.78505,                0.84629,                0.63964,                  0.882,                 0.7757,                0.81171,                0.59674,                0.81687,                 1.6999,                0.75285,                 1.1796,              0.0011783,              0.0011783,              0.0011783
                     85,                 0.6173,                  1.315,                0.60407,                 1.0176,                0.88427,                0.74978,                0.84165,                0.62993,                0.87331,                0.74087,                0.80911,                0.58637,                0.86691,                 1.7175,                0.80919,                 1.2358,              0.0011684,              0.0011684,              0.0011684
                     86,                0.56621,                 1.1987,                0.57698,                0.99161,                0.83927,                0.79439,                0.86861,                0.68268,                 0.8339,                0.78972,                0.84271,                0.63373,                 0.7485,                 1.6045,                0.70764,                 1.1324,              0.0011585,              0.0011585,              0.0011585
                     87,                0.60736,                 1.3182,                0.59843,                 1.0229,                0.86743,                0.79495,                 0.8734,                0.67224,                0.85213,                0.78093,                0.84688,                0.62288,                0.79992,                 1.6066,                0.68925,                 1.1778,              0.0011486,              0.0011486,              0.0011486
                     88,                  0.587,                 1.2713,                 0.5838,                 1.0051,                0.82972,                0.78037,                0.83692,                0.64038,                0.81481,                0.76636,                0.80509,                0.59558,                0.82747,                 1.9198,                0.76374,                 1.2188,              0.0011387,              0.0011387,              0.0011387
                     89,                0.58076,                 1.2281,                0.56311,                 1.0126,                0.87521,                0.75378,                0.83795,                0.66012,                0.86227,                0.76062,                0.80296,                0.61624,                0.76755,                  1.712,                0.71124,                  1.136,              0.0011288,              0.0011288,              0.0011288
                     90,                0.57458,                 1.1449,                0.55283,                 1.0185,                0.84437,                0.78505,                0.85584,                0.65897,                0.88375,                0.74604,                0.80525,                0.62025,                0.78289,                 1.5966,                0.73548,                 1.1556,              0.0011189,              0.0011189,              0.0011189
                     91,                0.54562,                 1.1573,                0.55073,                 0.9901,                0.83066,                0.80227,                0.85716,                0.67363,                0.84984,                0.78505,                0.83725,                0.62774,                0.76809,                 1.6954,                 0.7111,                 1.1639,               0.001109,               0.001109,               0.001109
                     92,                0.59739,                 1.2336,                0.56081,                 1.0025,                0.82398,                 0.7757,                0.83952,                0.64794,                0.84484,                0.73789,                0.79494,                0.60983,                0.79901,                 1.7961,                0.79985,                 1.1704,              0.0010991,              0.0010991,              0.0010991
                     93,                0.56267,                 1.1225,                0.56418,                0.98555,                0.86716,                0.75234,                0.83371,                0.62986,                   0.86,                0.71495,                0.78368,                0.59237,                0.88804,                 1.8111,                0.77405,                 1.2744,              0.0010892,              0.0010892,              0.0010892
                     94,                0.55935,                  1.165,                0.54366,                0.99131,                0.87317,                0.75701,                0.84312,                0.63186,                0.86254,                0.73307,                0.79727,                0.60684,                0.88153,                 1.7752,                0.78966,                 1.2612,              0.0010793,              0.0010793,              0.0010793
                     95,                0.55068,                 1.1145,                 0.5363,                 0.9804,                0.83768,                0.78505,                0.83669,                 0.6413,                0.82273,                0.77103,                 0.8047,                0.60214,                0.84363,                 1.7399,                0.76802,                 1.2427,              0.0010694,              0.0010694,              0.0010694
                     96,                   0.58,                 1.1781,                0.55907,                 1.0084,                0.83407,                 0.7757,                0.83411,                0.64774,                0.83407,                 0.7757,                  0.816,                0.61291,                0.76167,                 1.5832,                0.74909,                 1.1336,              0.0010595,              0.0010595,              0.0010595
                     97,                0.58076,                 1.1321,                0.56392,                 0.9976,                0.88298,                0.80841,                0.85421,                0.65539,                0.86624,                0.79439,                0.81382,                  0.603,                0.76496,                 1.6898,                0.68939,                 1.1337,              0.0010496,              0.0010496,              0.0010496
                     98,                0.57201,                 1.1538,                0.54228,                0.99807,                0.86777,                0.79732,                0.85086,                0.64185,                0.84188,                0.77103,                0.80507,                0.59739,                0.80084,                 1.6294,                0.71963,                 1.1791,              0.0010397,              0.0010397,              0.0010397
                     99,                0.60351,                 1.1841,                0.56759,                 1.0027,                0.81568,                0.80648,                0.84651,                0.64606,                0.84756,                0.78037,                0.82215,                0.61412,                0.77515,                 1.5575,                0.72019,                 1.1316,              0.0010298,              0.0010298,              0.0010298
                    100,                0.58855,                 1.2145,                0.55923,                  1.007,                 0.8775,                0.75701,                0.84934,                0.63275,                0.85926,                0.74299,                0.80125,                0.59447,                0.78502,                  1.676,                0.71558,                 1.1661,              0.0010199,              0.0010199,              0.0010199
                    101,                0.57239,                 1.1698,                0.57025,                 1.0056,                 0.9065,                0.74299,                0.85096,                0.63905,                0.88348,                 0.7243,                0.80575,                0.61376,                0.78241,                 1.6888,                0.72309,                 1.1973,                0.00101,                0.00101,                0.00101
                    102,                0.55797,                 1.1359,                0.55981,                0.99726,                0.84019,                0.80374,                0.85198,                0.63082,                0.82065,                0.78505,                0.82002,                0.60538,                0.83219,                 1.6722,                0.74251,                 1.2221,              0.0010001,              0.0010001,              0.0010001
                    103,                0.56416,                 1.1422,                0.54065,                 0.9904,                0.91035,                0.75701,                0.86703,                0.64186,                 0.8879,                0.74029,                0.81917,                 0.6137,                0.80988,                 1.6852,                0.71427,                 1.1857,              0.0009902,              0.0009902,              0.0009902
                    104,                 0.5575,                 1.1524,                0.54723,                 1.0122,                  0.897,                0.78037,                0.87484,                0.65405,                0.87953,                0.73832,                0.81753,                0.61459,                0.78999,                 1.7171,                0.70043,                 1.1805,              0.0009803,              0.0009803,              0.0009803
                    105,                0.57958,                 1.1961,                0.56992,                0.98324,                0.84841,                0.79439,                0.87086,                0.67164,                0.83843,                0.78505,                0.83856,                0.62943,                0.75529,                 1.6646,                0.66997,                 1.1316,              0.0009704,              0.0009704,              0.0009704
                    106,                0.56552,                 1.1499,                0.54937,                0.97989,                0.86581,                0.78388,                0.86158,                0.66242,                 0.8456,                 0.7757,                0.82449,                0.61469,                0.75211,                 1.6788,                0.69355,                 1.1398,              0.0009605,              0.0009605,              0.0009605
                    107,                0.52214,                 1.1166,                0.51817,                0.96465,                0.85535,                0.80131,                0.86083,                0.66752,                0.85535,                0.80131,                0.82963,                0.62643,                0.75415,                 1.6109,                0.67322,                  1.134,              0.0009506,              0.0009506,              0.0009506
                    108,                0.53268,                 1.0921,                0.50036,                 0.9799,                0.86321,                0.75234,                 0.8409,                0.64615,                0.84181,                0.74599,                0.79618,                0.61196,                0.76003,                 1.6849,                0.71187,                 1.1486,              0.0009407,              0.0009407,              0.0009407
                    109,                  0.508,                0.99682,                0.49152,                0.96625,                0.86753,                0.76508,                0.85285,                0.66126,                0.87283,                0.76975,                0.82722,                0.62081,                0.75444,                 1.6405,                 0.7224,                 1.1356,              0.0009308,              0.0009308,              0.0009308
                    110,                0.54465,                 1.0761,                0.52915,                0.99672,                  0.865,                0.77844,                0.85139,                0.66205,                0.88259,                0.75701,                0.82526,                0.61102,                0.75399,                 1.7932,                0.68424,                 1.1468,              0.0009209,              0.0009209,              0.0009209
                    111,                  0.524,                 1.1074,                0.52996,                0.97857,                0.81872,                0.81308,                0.86212,                0.67942,                0.81203,                0.80749,                0.84343,                0.63366,                0.71506,                 1.6263,                0.68612,                 1.0967,               0.000911,               0.000911,               0.000911
                    112,                0.55151,                 1.1801,                 0.5342,                 0.9853,                0.87015,                0.78289,                0.85457,                0.68435,                0.90357,                0.74436,                0.82001,                0.63052,                0.70939,                 1.6432,                0.70355,                 1.0987,              0.0009011,              0.0009011,              0.0009011
                    113,                0.56656,                 1.1815,                0.52755,                 1.0026,                0.79294,                0.81308,                0.84399,                0.64923,                0.85771,                0.73239,                0.81638,                  0.605,                 0.7095,                 1.6328,                0.72882,                 1.0863,              0.0008912,              0.0008912,              0.0008912
                    114,                 0.4916,                 1.0073,                0.46837,                0.95007,                0.85075,                0.82573,                0.87363,                0.68074,                 0.8267,                 0.8025,                0.84126,                0.63266,                0.73083,                 1.6262,                0.67946,                 1.1006,              0.0008813,              0.0008813,              0.0008813
                    115,                0.53482,                 1.0815,                0.50446,                0.96954,                 0.8287,                0.83178,                0.87369,                0.67633,                0.86173,                 0.7572,                0.83615,                0.63507,                0.73647,                 1.7669,                0.71946,                 1.1129,              0.0008714,              0.0008714,              0.0008714
                    116,                0.49563,                 1.1453,                0.46415,                0.96446,                 0.8511,                0.80132,                0.87641,                0.67609,                0.88001,                0.74766,                0.83328,                0.63131,                0.75642,                 1.8072,                0.71576,                 1.1293,              0.0008615,              0.0008615,              0.0008615
                    117,                 0.5109,                 1.0366,                0.47286,                0.96225,                0.84681,                0.81776,                0.86274,                0.66957,                0.82998,                0.80374,                0.84032,                 0.6351,                0.76576,                 1.6613,                0.69203,                 1.1372,              0.0008516,              0.0008516,              0.0008516
                    118,                0.53866,                 1.0916,                0.50954,                0.98072,                0.86077,                0.80841,                0.86198,                0.66031,                0.84905,                0.77103,                0.80838,                0.61482,                 0.7625,                 1.5432,                0.69588,                 1.1401,              0.0008417,              0.0008417,              0.0008417
                    119,                0.52032,                  1.021,                0.50656,                 0.9705,                0.85502,                0.79917,                0.86961,                0.67136,                0.86826,                0.76994,                0.82138,                0.63267,                0.74721,                 1.5898,                0.69587,                 1.1258,              0.0008318,              0.0008318,              0.0008318
                    120,                0.54169,                 1.2296,                0.50454,                0.97438,                0.85561,                0.80302,                0.86323,                0.66018,                0.92237,                0.74299,                0.82611,                0.62544,                0.75173,                 1.5914,                0.72255,                 1.1221,              0.0008219,              0.0008219,              0.0008219
                    121,                0.52617,                 1.0487,                0.50813,                0.97555,                0.89609,                 0.7757,                0.85799,                0.67391,                0.91807,                0.73309,                0.82094,                0.63224,                0.73862,                 1.6608,                0.68624,                 1.1228,               0.000812,               0.000812,               0.000812
                    122,                0.51126,                 1.0421,                0.51111,                0.97328,                0.87598,                0.78505,                 0.8503,                0.67283,                0.86555,                 0.7757,                0.82441,                 0.6216,                0.73809,                 1.6838,                0.68648,                 1.1184,              0.0008021,              0.0008021,              0.0008021
                    123,                0.52628,                 1.0745,                0.50156,                0.97109,                0.84784,                0.78505,                 0.8462,                0.66319,                0.84263,                0.78037,                0.82048,                0.60965,                0.75272,                 1.6999,                 0.6832,                 1.1394,              0.0007922,              0.0007922,              0.0007922
                    124,                0.53759,                 1.0893,                0.49589,                0.96814,                0.87125,                0.79055,                0.86291,                 0.6705,                0.86075,                 0.7757,                 0.8261,                0.61024,                0.75478,                 1.7163,                0.67889,                  1.132,              0.0007823,              0.0007823,              0.0007823
                    125,                0.50632,                 1.0963,                0.47024,                0.95551,                0.85751,                0.81776,                0.87321,                0.67469,                0.84771,                0.80841,                0.83372,                0.62669,                0.75829,                  1.645,                0.66263,                 1.1277,              0.0007724,              0.0007724,              0.0007724
                    126,                0.52351,                0.98429,                0.48701,                0.96856,                0.81398,                0.83833,                0.86235,                0.67599,                0.81636,                0.83095,                0.83409,                0.63383,                0.72468,                 1.5924,                0.65653,                 1.1102,              0.0007625,              0.0007625,              0.0007625
                    127,                 0.5136,                 1.1202,                0.48527,                0.96055,                0.79787,                0.84851,                0.86095,                0.68717,                0.84223,                0.78037,                0.83523,                0.64706,                 0.7279,                 1.5407,                0.70013,                 1.1088,              0.0007526,              0.0007526,              0.0007526
                    128,                0.50891,                 1.1429,                 0.4797,                0.95767,                0.84858,                0.81776,                0.86421,                 0.6797,                0.84463,                0.81308,                0.84387,                0.64076,                 0.7228,                 1.5532,                0.68288,                 1.1066,              0.0007427,              0.0007427,              0.0007427
                    129,                0.52152,                 1.0311,                0.50636,                0.98011,                0.88455,                 0.7757,                0.87255,                0.69748,                0.87922,                0.77103,                0.85343,                0.65769,                0.72689,                 1.5612,                0.68498,                 1.1214,              0.0007328,              0.0007328,              0.0007328
                    130,                0.49229,                 1.0183,                0.47194,                0.96386,                0.85807,                0.80841,                0.86661,                0.68596,                0.90706,                0.73832,                0.84135,                0.64108,                0.71896,                 1.6605,                0.71976,                 1.1217,              0.0007229,              0.0007229,              0.0007229
                    131,                0.52742,                 1.0293,                0.47268,                0.96733,                 0.8817,                0.80103,                0.85965,                0.68975,                0.87145,                0.79197,                0.83956,                0.64079,                0.72923,                 1.5375,                0.67153,                 1.1425,               0.000713,               0.000713,               0.000713
                    132,                0.49934,                0.98417,                0.45502,                0.95761,                0.83371,                0.84344,                0.87161,                0.69918,                0.82573,                0.83178,                0.84554,                 0.6479,                0.69678,                 1.5067,                0.63355,                 1.1158,              0.0007031,              0.0007031,              0.0007031
                    133,                0.49454,                 1.0115,                0.47414,                0.96058,                0.81122,                0.83645,                0.86142,                0.68178,                0.83085,                0.78037,                0.83028,                0.63044,                0.70565,                  1.539,                0.66183,                 1.1048,              0.0006932,              0.0006932,              0.0006932
                    134,                0.51628,                 1.0141,                0.46194,                0.96851,                0.86819,                0.80022,                0.87813,                0.68271,                0.85606,                0.78505,                 0.8315,                0.63712,                0.70735,                  1.582,                0.66982,                 1.0966,              0.0006833,              0.0006833,              0.0006833
                    135,                0.49314,                0.98892,                0.45795,                0.95007,                0.85319,                0.81468,                0.87282,                0.68656,                0.83352,                0.79544,                 0.8464,                0.64942,                0.73212,                 1.6221,                0.65476,                 1.1213,              0.0006734,              0.0006734,              0.0006734
                    136,                0.49529,                 1.0222,                0.47642,                0.96654,                0.87081,                 0.7757,                0.85373,                0.66678,                0.85335,                0.76168,                0.82902,                0.63669,                0.76314,                  1.612,                0.73438,                 1.1487,              0.0006635,              0.0006635,              0.0006635
                    137,                0.48405,                 1.0056,                0.44649,                0.95298,                0.82012,                0.80958,                0.84829,                0.64235,                 0.8106,                0.79996,                0.82153,                0.62028,                0.75465,                 1.5005,                0.70353,                 1.1522,              0.0006536,              0.0006536,              0.0006536
                    138,                0.54409,                 1.0379,                0.47905,                0.98706,                0.85303,                0.81364,                 0.8649,                0.66525,                0.83839,                0.79997,                0.82787,                0.63197,                0.75263,                 1.5125,                0.68089,                 1.1481,              0.0006437,              0.0006437,              0.0006437
                    139,                 0.4868,                0.93507,                0.44838,                0.97157,                0.85485,                0.78505,                0.83485,                0.64765,                0.85591,                0.76168,                0.81024,                0.61293,                0.74977,                 1.5631,                0.67457,                 1.1664,              0.0006338,              0.0006338,              0.0006338
                    140,                0.50654,                 1.0262,                0.45094,                0.95369,                0.91151,                 0.7757,                0.86388,                0.68222,                0.84977,                0.78972,                0.83391,                0.64459,                0.74043,                 1.5696,                0.64815,                 1.1415,              0.0006239,              0.0006239,              0.0006239
                    141,                0.47551,                0.94919,                0.45359,                0.94707,                 0.8664,                0.81776,                0.87747,                0.69365,                0.87361,                0.80747,                0.83714,                0.64862,                0.71916,                  1.588,                0.61871,                 1.1137,               0.000614,               0.000614,               0.000614
                    142,                0.50461,                0.97459,                0.45727,                0.96132,                0.84981,                0.78972,                0.84673,                0.67401,                0.83599,                0.76636,                0.81211,                0.62141,                0.72984,                  1.603,                0.69356,                 1.1253,              0.0006041,              0.0006041,              0.0006041
                    143,                0.48863,                 1.0082,                0.44944,                0.95965,                0.84902,                0.79439,                 0.8458,                0.67496,                0.84902,                0.79439,                0.81968,                0.62305,                0.73643,                 1.8052,                0.67577,                 1.1361,              0.0005942,              0.0005942,              0.0005942
                    144,                0.49714,                 1.0599,                0.47865,                0.95146,                0.90609,                0.76646,                0.87468,                0.68239,                0.87759,                0.76636,                0.83022,                0.64709,                0.72756,                 1.6764,                0.64942,                 1.1089,              0.0005843,              0.0005843,              0.0005843
                    145,                0.45897,                0.96378,                 0.4279,                0.94651,                0.89259,                0.77664,                0.85859,                0.67423,                0.88199,                0.76836,                0.82619,                0.64172,                0.74052,                 1.7363,                0.69463,                  1.138,              0.0005744,              0.0005744,              0.0005744
                    146,                0.49401,                0.99959,                0.45697,                0.94962,                0.88793,                0.77747,                0.86311,                0.67311,                0.88259,                 0.7728,                0.83314,                0.63168,                0.73776,                 1.7119,                0.67389,                 1.1382,              0.0005645,              0.0005645,              0.0005645
                    147,                 0.4996,                0.96772,                0.45381,                0.95766,                0.85843,                0.78972,                0.85296,                 0.6614,                0.85335,                0.78505,                0.83115,                0.62978,                0.74824,                 1.7428,                0.67673,                 1.1602,              0.0005546,              0.0005546,              0.0005546
                    148,                0.45313,                0.95923,                 0.4372,                0.93806,                0.87102,                0.78505,                0.85475,                0.67096,                0.86978,                 0.7757,                0.82776,                0.63296,                0.73578,                 1.7436,                0.65495,                 1.1296,              0.0005447,              0.0005447,              0.0005447
                    149,                0.46548,                0.99847,                0.44047,                0.94067,                  0.873,                0.77089,                 0.8555,                0.66653,                0.86672,                0.76636,                0.83006,                0.63746,                 0.7709,                 1.8451,                0.68745,                  1.179,              0.0005348,              0.0005348,              0.0005348
                    150,                0.46895,                0.98278,                 0.4506,                0.94357,                0.85791,                0.78998,                0.86594,                0.67298,                0.86862,                0.80329,                0.85372,                0.64166,                 0.7723,                 1.8564,                0.67891,                 1.1871,              0.0005249,              0.0005249,              0.0005249
                    151,                0.46771,                0.92355,                0.42352,                0.95297,                  0.817,                0.85532,                0.86964,                0.68455,                0.84723,                0.80841,                0.84777,                0.64531,                0.72827,                 1.7115,                0.63106,                  1.129,               0.000515,               0.000515,               0.000515
                    152,                0.45234,                 0.9025,                 0.4066,                0.94445,                 0.8816,                0.80374,                0.86208,                0.68962,                0.87648,                0.79907,                0.84438,                0.64823,                0.73121,                 1.6191,                0.66623,                 1.1318,              0.0005051,              0.0005051,              0.0005051
                    153,                0.47143,                0.95406,                0.43924,                0.95277,                0.86896,                0.78972,                0.86789,                0.69195,                0.84823,                0.77103,                0.83296,                0.65035,                 0.7363,                 1.7504,                0.69465,                 1.1465,              0.0004952,              0.0004952,              0.0004952
                    154,                0.48454,                0.94088,                0.43062,                0.95283,                 0.8569,                0.81308,                0.85777,                0.66896,                0.86465,                0.77615,                0.83376,                0.64516,                0.76079,                 1.7449,                0.69299,                 1.1583,              0.0004853,              0.0004853,              0.0004853
                    155,                 0.4755,                0.90353,                0.43062,                0.95252,                0.86988,                0.81308,                0.86614,                0.67253,                0.84988,                0.79439,                0.83241,                0.63321,                0.73792,                 1.6403,                0.66499,                 1.1363,              0.0004754,              0.0004754,              0.0004754
                    156,                0.44216,                0.85213,                0.41664,                0.93704,                0.87031,                0.81533,                0.86033,                0.68266,                0.85045,                0.79722,                0.82276,                0.63789,                0.72162,                 1.6779,                0.64474,                 1.1296,              0.0004655,              0.0004655,              0.0004655
                    157,                0.47023,                0.96093,                0.42531,                 0.9549,                 0.9028,                0.79439,                0.86662,                0.68788,                0.88262,                0.77303,                0.83025,                0.63608,                0.73327,                 1.7555,                0.64174,                 1.1404,              0.0004556,              0.0004556,              0.0004556
                    158,                0.45735,                0.91751,                0.41513,                0.94419,                0.87384,                0.78505,                0.86334,                0.67942,                0.86326,                 0.7757,                0.82404,                 0.6303,                0.75207,                 1.9725,                0.67044,                 1.1907,              0.0004457,              0.0004457,              0.0004457
                    159,                0.44508,                0.89341,                0.39763,                0.93218,                0.88316,                0.82243,                0.87635,                0.69016,                0.87351,                0.80841,                0.83385,                0.64305,                 0.7471,                 1.9019,                  0.621,                 1.1792,              0.0004358,              0.0004358,              0.0004358
                    160,                0.41847,                0.83746,                0.39393,                0.92214,                0.85047,                0.81776,                0.86991,                0.70398,                0.81861,                0.82243,                 0.8379,                0.65123,                0.75759,                 1.8243,                0.63538,                 1.1484,              0.0004259,              0.0004259,              0.0004259
                    161,                0.45349,                0.94496,                0.40869,                0.93973,                0.84326,                 0.8271,                0.85334,                0.68936,                0.82877,                0.81308,                0.83548,                0.64291,                0.70346,                  1.675,                0.67906,                 1.0991,               0.000416,               0.000416,               0.000416
                    162,                 0.4735,                0.95707,                0.41819,                0.94962,                0.85505,                0.80841,                0.85083,                 0.6915,                0.82773,                0.83072,                 0.8411,                0.65235,                0.68074,                  1.614,                0.68234,                 1.0895,              0.0004061,              0.0004061,              0.0004061
                    163,                0.45048,                0.92817,                0.41213,                0.94176,                0.85409,                0.79323,                0.84206,                0.67837,                0.84412,                0.78443,                0.82849,                0.65089,                0.74653,                 1.7836,                0.70484,                 1.1668,              0.0003962,              0.0003962,              0.0003962
                    164,                 0.4511,                0.92432,                0.41042,                0.93029,                0.89442,                0.76636,                0.84832,                 0.6784,                0.84696,                0.77585,                0.82242,                0.64423,                0.77057,                 1.8088,                 0.6897,                 1.1973,              0.0003863,              0.0003863,              0.0003863
                    165,                0.43746,                0.89079,                0.38702,                0.94658,                0.88152,                0.80374,                0.85628,                0.69003,                0.87563,                0.79907,                0.83553,                0.65821,                 0.7212,                 1.6076,                0.63393,                 1.1212,              0.0003764,              0.0003764,              0.0003764
                    166,                0.44511,                 0.9085,                0.40343,                0.93214,                0.87762,                0.80428,                0.85928,                0.69068,                0.87193,                0.79907,                0.84203,                0.65873,                 0.7151,                 1.5646,                0.62841,                  1.116,              0.0003665,              0.0003665,              0.0003665
                    167,                0.45981,                0.89662,                0.40442,                0.94624,                0.89882,                0.78505,                 0.8644,                0.69856,                0.88144,                 0.7757,                0.83419,                 0.6518,                0.71842,                 1.6729,                0.62882,                 1.1193,              0.0003566,              0.0003566,              0.0003566
                    168,                0.43975,                0.87067,                0.39935,                0.93831,                0.89083,                0.78505,                0.85802,                0.68643,                0.86343,                0.76636,                0.81495,                0.63141,                0.74185,                 1.8298,                0.66515,                 1.1478,              0.0003467,              0.0003467,              0.0003467
                    169,                0.44876,                0.91267,                0.41113,                0.92794,                0.86448,                 0.8271,                0.87499,                  0.692,                0.83465,                0.79907,                0.81472,                 0.6381,                0.73644,                 1.9407,                0.66143,                 1.1686,              0.0003368,              0.0003368,              0.0003368
                    170,                0.45421,                 0.8773,                0.39753,                0.94435,                0.86982,                0.84303,                0.88785,                0.69781,                0.84827,                0.79907,                0.82216,                0.63701,                0.71879,                 1.7408,                0.63224,                  1.121,              0.0003269,              0.0003269,              0.0003269
                    171,                0.44971,                0.95066,                0.40495,                0.93145,                0.85607,                0.83378,                0.86962,                0.70215,                0.83216,                 0.8109,                0.82406,                0.64765,                 0.7143,                 1.6146,                0.63008,                 1.1072,               0.000317,               0.000317,               0.000317
                    172,                 0.4264,                 0.9306,                 0.4045,                0.92203,                0.87402,                0.81047,                 0.8802,                0.71624,                0.84019,                0.81074,                0.83946,                0.66589,                0.70848,                 1.5742,                0.62655,                 1.1055,              0.0003071,              0.0003071,              0.0003071
                    173,                0.41501,                0.84209,                0.38095,                0.91716,                0.87835,                0.80841,                0.87772,                0.71128,                0.85301,                0.78641,                0.83614,                0.67593,                0.67108,                 1.5495,                0.62923,                 1.0829,              0.0002972,              0.0002972,              0.0002972
                    174,                0.42404,                0.85856,                0.37939,                0.93666,                 0.8715,                0.83178,                0.87742,                0.71762,                 0.8512,                0.80841,                0.83499,                 0.6706,                 0.6804,                  1.623,                0.61861,                 1.0929,              0.0002873,              0.0002873,              0.0002873
                    175,                0.43166,                0.86929,                0.39945,                0.92115,                0.85473,                0.82482,                0.87594,                0.71412,                0.84795,                0.80787,                0.83748,                0.66448,                0.68882,                  1.776,                0.63335,                 1.0988,              0.0002774,              0.0002774,              0.0002774
                    176,                0.42841,                0.88236,                0.38991,                 0.9317,                0.87694,                0.80374,                0.87228,                0.71736,                0.86164,                0.78972,                0.83468,                0.66511,                0.68665,                 1.7289,                0.65247,                 1.0936,              0.0002675,              0.0002675,              0.0002675
                    177,                0.43009,                0.84683,                0.37507,                0.92413,                0.83582,                0.81776,                0.86366,                0.69869,                0.84065,                0.78972,                0.83251,                0.65994,                0.70573,                 1.7167,                0.66188,                 1.1185,              0.0002576,              0.0002576,              0.0002576
                    178,                0.42297,                0.84052,                0.36732,                0.92618,                0.84356,                 0.8315,                0.86394,                0.69891,                0.85306,                 0.7757,                0.82635,                0.65806,                0.71304,                 1.6964,                0.64803,                 1.1263,              0.0002477,              0.0002477,              0.0002477
                    179,                0.43881,                0.88992,                0.39325,                 0.9432,                0.82766,                0.83645,                0.87039,                0.71076,                0.81379,                0.82243,                 0.8367,                0.66907,                0.69163,                 1.6184,                0.64088,                 1.0866,              0.0002378,              0.0002378,              0.0002378
                    180,                0.43752,                0.88158,                0.38295,                0.93903,                0.81489,                0.82286,                0.86233,                0.70091,                0.80383,                0.80421,                0.83131,                0.66216,                0.67866,                 1.6311,                0.69443,                 1.0763,              0.0002279,              0.0002279,              0.0002279
                    181,                0.41017,                0.86963,                0.38526,                 0.9199,                0.85157,                0.78505,                0.86815,                0.70066,                0.84329,                0.77952,                0.83425,                0.66124,                0.71288,                 1.7473,                0.67696,                 1.1058,               0.000218,               0.000218,               0.000218
                    182,                0.42208,                0.86206,                0.37626,                 0.9238,                0.81047,                0.85047,                0.87745,                0.71031,                0.81504,                 0.8271,                0.84168,                0.67085,                0.71159,                 1.7111,                0.63002,                 1.1106,              0.0002081,              0.0002081,              0.0002081
                    183,                 0.3974,                0.79027,                0.35949,                0.92193,                0.84922,                 0.8271,                0.87973,                0.70757,                0.83962,                0.81776,                0.84724,                0.66735,                0.71044,                 1.7132,                0.63216,                 1.1131,              0.0001982,              0.0001982,              0.0001982
                    184,                0.42177,                 0.8452,                0.39142,                 0.9271,                0.88836,                0.78083,                0.86901,                0.70851,                0.86711,                0.76225,                0.83317,                0.66779,                0.69608,                 1.7039,                0.64237,                 1.0962,              0.0001883,              0.0001883,              0.0001883
                    185,                0.39841,                0.83801,                0.36064,                0.91501,                 0.8701,                0.78252,                0.86346,                0.70268,                0.85451,                 0.7685,                0.83264,                0.65736,                0.70125,                 1.7476,                0.63863,                 1.1085,              0.0001784,              0.0001784,              0.0001784
                    186,                 0.4204,                0.81228,                0.37958,                0.91946,                 0.8757,                0.79014,                0.85862,                0.69746,                0.86255,                0.78505,                0.83018,                0.65032,                0.71328,                 1.7223,                0.63873,                 1.1159,              0.0001685,              0.0001685,              0.0001685
                    187,                0.38828,                0.80408,                0.35377,                0.91733,                 0.8634,                0.80374,                 0.8604,                0.68678,                0.83997,                0.78489,                0.82648,                 0.6503,                0.72538,                 1.6977,                0.65561,                 1.1306,              0.0001586,              0.0001586,              0.0001586
                    188,                0.40636,                0.81598,                0.35894,                0.92721,                0.87288,                0.78505,                 0.8573,                0.68691,                0.84079,                0.78966,                0.83157,                0.65121,                0.71991,                  1.698,                0.68656,                 1.1269,              0.0001487,              0.0001487,              0.0001487
                    189,                0.40943,                0.83095,                0.35635,                0.92952,                0.89757,                0.77802,                0.85995,                0.69464,                0.88143,                0.76422,                0.82915,                0.65703,                0.72448,                 1.7138,                0.66232,                 1.1322,              0.0001388,              0.0001388,              0.0001388
                    190,                0.40513,                0.81369,                0.36346,                0.92126,                0.89187,                0.78505,                0.86678,                 0.6971,                0.86329,                 0.7757,                 0.8313,                0.65601,                0.72962,                 1.7207,                0.63588,                 1.1465,              0.0001289,              0.0001289,              0.0001289
                    191,                0.34701,                0.73281,                0.32112,                0.87446,                0.90744,                 0.7788,                 0.8693,                0.68967,                0.88568,                 0.7603,                0.82192,                0.64702,                0.71184,                 1.6784,                0.61758,                 1.1177,               0.000119,               0.000119,               0.000119
                    192,                0.34555,                0.73025,                0.30339,                0.89022,                0.90459,                0.78037,                0.86656,                0.69353,                0.87751,                0.75701,                0.82465,                0.65476,                0.70362,                 1.6503,                0.63167,                   1.11,              0.0001091,              0.0001091,              0.0001091
                    193,                 0.3308,                0.69995,                0.29288,                0.88906,                0.90148,                0.76962,                0.85161,                0.68455,                0.87413,                 0.7464,                0.81419,                0.64416,                0.72029,                  1.709,                  0.648,                 1.1388,               9.92e-05,               9.92e-05,               9.92e-05
                    194,                0.34065,                0.73376,                0.29915,                0.86771,                0.86566,                0.81308,                0.86618,                0.68988,                0.84387,                0.78295,                0.82103,                0.64442,                0.72548,                 1.6965,                0.64283,                 1.1444,               8.93e-05,               8.93e-05,               8.93e-05
                    195,                0.34169,                0.74749,                0.30319,                0.87965,                0.86401,                0.82243,                0.86935,                 0.6929,                0.83506,                0.79439,                 0.8283,                0.65193,                0.70726,                 1.6346,                0.64044,                 1.1231,               7.94e-05,               7.94e-05,               7.94e-05
                    196,                0.32753,                0.69398,                0.28836,                 0.8627,                0.84771,                0.83234,                0.86847,                0.70016,                0.81444,                0.82039,                0.82983,                0.65785,                 0.6904,                 1.5969,                0.63622,                 1.1111,               6.95e-05,               6.95e-05,               6.95e-05
                    197,                0.33622,                0.67541,                0.28998,                0.89643,                0.84603,                0.83645,                0.86847,                0.69902,                0.82712,                0.81776,                0.83059,                0.66054,                0.70268,                 1.5898,                0.64025,                 1.1224,               5.96e-05,               5.96e-05,               5.96e-05
                    198,                0.33339,                0.69969,                0.30482,                0.87858,                0.86616,                0.81652,                0.86981,                0.69618,                0.84667,                0.78972,                0.83137,                0.66044,                 0.7147,                 1.5994,                0.63376,                 1.1358,               4.97e-05,               4.97e-05,               4.97e-05
                    199,                0.34548,                0.69361,                0.30041,                0.88475,                0.87726,                0.81776,                0.87025,                0.70104,                0.84709,                0.78972,                0.82088,                0.65651,                0.69579,                 1.5923,                0.63657,                 1.1176,               3.98e-05,               3.98e-05,               3.98e-05
                    200,                0.31929,                 0.7006,                0.28157,                0.86878,                 0.8771,                0.81776,                0.87036,                0.70083,                0.84681,                0.78972,                0.82524,                0.65672,                0.69413,                 1.6144,                0.62853,                 1.1159,               2.99e-05,               2.99e-05,               2.99e-05
